Section,Users
"User ID",Name,Email,Role,"Created At"
1,"Olena Admin",admin@techtutor.test,admin,"2026-06-10 09:08:33"
2,"Petro Administrator",admin2@techtutor.test,admin,"2026-06-10 09:08:33"
3,"Mariya SuperAdmin",admin3@techtutor.test,admin,"2026-06-10 09:08:33"
4,"Maksym Backend",backend@techtutor.test,instructor,"2026-06-10 09:08:33"
5,"Ira Frontend",frontend@techtutor.test,instructor,"2026-06-10 09:08:33"
6,"Taras ML",ml@techtutor.test,instructor,"2026-06-10 09:08:33"
7,"Oleh DevOps",devops@techtutor.test,instructor,"2026-06-10 09:08:33"
8,"Nadia CourseOps",courses@techtutor.test,instructor,"2026-06-10 09:08:33"
9,"Svitlana Design",design@techtutor.test,instructor,"2026-06-10 09:08:33"
10,"Volodymyr DataScience",datascience@techtutor.test,instructor,"2026-06-10 09:08:33"
11,"Kateryna Mobile",mobile@techtutor.test,instructor,"2026-06-10 09:08:33"
12,"Iryna Student",student@techtutor.test,student,"2026-06-10 09:08:33"
13,"Taras Student",student2@techtutor.test,student,"2026-06-10 09:08:33"
14,"Blocked Student",banned@techtutor.test,student,"2026-06-10 09:08:33"
15,"Olga Learner",student3@techtutor.test,student,"2026-06-10 09:08:33"
16,"Dmytro StudyBuddy",student4@techtutor.test,student,"2026-06-10 09:08:33"
17,"Ivanna KnowledgeSeeker",student5@techtutor.test,student,"2026-06-10 09:08:33"
18,"Andrii SkillBuilder",student6@techtutor.test,student,"2026-06-10 09:08:33"
19,"Yuliya CourseExplorer",student7@techtutor.test,student,"2026-06-10 09:08:33"
20,"Ruslan EducationFan",student8@techtutor.test,student,"2026-06-10 09:08:33"
21,"Liliya StudyPartner",student9@techtutor.test,student,"2026-06-10 09:08:33"
22,"Mykhailo LifelongLearner",student10@techtutor.test,student,"2026-06-10 09:08:33"
23,"Renáta Munkácsy",munkacsyrenata@gmail.com,student,"2026-06-10 09:13:19"
Section,Courses
"Course ID",Title,Instructor,Status,Price,"Created At"
1,"Laravel API Bootcamp","Maksym Backend",Published,79.00,"2026-06-10 09:08:34"
2,"React UI for Learning Platforms","Ira Frontend",Published,59.00,"2026-06-10 09:08:34"
3,"Practical Machine Learning Pipelines","Taras ML",Published,89.00,"2026-06-10 09:08:34"
4,"DevOps Delivery Systems","Oleh DevOps",Published,69.00,"2026-06-10 09:08:34"
5,"Advanced Testing Draft","Nadia CourseOps",Draft,99.00,"2026-06-10 09:08:34"
6,"User Experience Design Fundamentals","Svitlana Design",Published,49.00,"2026-06-10 09:08:34"
7,"Data Analysis with Python","Volodymyr DataScience",Published,75.00,"2026-06-10 09:08:34"
8,"Cross-Platform Mobile Development","Kateryna Mobile",Published,85.00,"2026-06-10 09:08:34"
9,"Cloud Architecture with AWS","Oleh DevOps",Published,95.00,"2026-06-10 09:08:34"
10,"Cybersecurity Fundamentals","Maksym Backend",Published,110.00,"2026-06-10 09:08:34"
11,"Blockchain Development Essentials","Taras ML",Published,120.00,"2026-06-10 09:08:34"
Section,Enrollments
"Enrollment ID",User,"User Email",Course,Status,"Enrollment Date"
1,"Iryna Student",student@techtutor.test,"Laravel API Bootcamp",active,"2026-06-05 09:08:36"
2,"Iryna Student",student@techtutor.test,"React UI for Learning Platforms",active,"2026-06-07 09:08:36"
3,"Iryna Student",student@techtutor.test,"Practical Machine Learning Pipelines",active,"2026-06-08 09:08:36"
4,"Taras Student",student2@techtutor.test,"DevOps Delivery Systems",active,"2026-06-09 09:08:36"
5,"Taras Student",student2@techtutor.test,"Laravel API Bootcamp",active,"2026-06-08 09:08:36"
6,"Iryna Student",student@techtutor.test,"User Experience Design Fundamentals",active,"2026-05-21 09:08:36"
7,"Iryna Student",student@techtutor.test,"Data Analysis with Python",active,"2026-05-23 09:08:36"
8,"Iryna Student",student@techtutor.test,"Cross-Platform Mobile Development",active,"2026-05-26 09:08:36"
9,"Iryna Student",student@techtutor.test,"Cloud Architecture with AWS",active,"2026-05-29 09:08:36"
10,"Iryna Student",student@techtutor.test,"Cybersecurity Fundamentals",active,"2026-05-31 09:08:36"
11,"Iryna Student",student@techtutor.test,"Blockchain Development Essentials",active,"2026-06-02 09:08:36"
12,"Taras Student",student2@techtutor.test,"User Experience Design Fundamentals",active,"2026-05-23 09:08:36"
13,"Taras Student",student2@techtutor.test,"Data Analysis with Python",active,"2026-05-25 09:08:36"
14,"Taras Student",student2@techtutor.test,"Cross-Platform Mobile Development",active,"2026-05-27 09:08:36"
15,"Taras Student",student2@techtutor.test,"Cloud Architecture with AWS",active,"2026-05-31 09:08:36"
16,"Taras Student",student2@techtutor.test,"Cybersecurity Fundamentals",active,"2026-06-02 09:08:36"
17,"Taras Student",student2@techtutor.test,"Blockchain Development Essentials",active,"2026-06-04 09:08:36"
18,"Olga Learner",student3@techtutor.test,"Laravel API Bootcamp",active,"2026-05-11 09:08:36"
19,"Olga Learner",student3@techtutor.test,"User Experience Design Fundamentals",active,"2026-05-13 09:08:36"
20,"Dmytro StudyBuddy",student4@techtutor.test,"React UI for Learning Platforms",active,"2026-05-16 09:08:36"
21,"Dmytro StudyBuddy",student4@techtutor.test,"Data Analysis with Python",active,"2026-05-19 09:08:36"
22,"Ivanna KnowledgeSeeker",student5@techtutor.test,"Practical Machine Learning Pipelines",active,"2026-05-21 09:08:36"
23,"Ivanna KnowledgeSeeker",student5@techtutor.test,"Cross-Platform Mobile Development",active,"2026-05-23 09:08:36"
24,"Andrii SkillBuilder",student6@techtutor.test,"DevOps Delivery Systems",active,"2026-05-26 09:08:36"
25,"Andrii SkillBuilder",student6@techtutor.test,"Cloud Architecture with AWS",active,"2026-05-29 09:08:36"
26,"Yuliya CourseExplorer",student7@techtutor.test,"User Experience Design Fundamentals",active,"2026-05-31 09:08:36"
27,"Yuliya CourseExplorer",student7@techtutor.test,"Cybersecurity Fundamentals",active,"2026-06-02 09:08:36"
28,"Ruslan EducationFan",student8@techtutor.test,"Blockchain Development Essentials",active,"2026-06-05 09:08:36"
29,"Liliya StudyPartner",student9@techtutor.test,"Data Analysis with Python",active,"2026-06-07 09:08:36"
30,"Mykhailo LifelongLearner",student10@techtutor.test,"Cross-Platform Mobile Development",active,"2026-06-09 09:08:36"
31,"Olga Learner",student3@techtutor.test,"React UI for Learning Platforms",completed,"2026-03-10 09:08:36"
32,"Dmytro StudyBuddy",student4@techtutor.test,"Practical Machine Learning Pipelines",completed,"2026-04-10 09:08:36"
Section,Payments
"Payment ID",User,"User Email",Course,Amount,Currency,Status,"Payment Date"
1,"Iryna Student",student@techtutor.test,"User Experience Design Fundamentals",49.00,EUR,paid,"2026-05-21 09:08:36"
2,"Iryna Student",student@techtutor.test,"Data Analysis with Python",75.00,EUR,paid,"2026-05-23 09:08:36"
3,"Iryna Student",student@techtutor.test,"Cross-Platform Mobile Development",85.00,EUR,paid,"2026-05-26 09:08:36"
4,"Iryna Student",student@techtutor.test,"Cloud Architecture with AWS",95.00,EUR,paid,"2026-05-29 09:08:36"
5,"Iryna Student",student@techtutor.test,"Cybersecurity Fundamentals",110.00,EUR,paid,"2026-05-31 09:08:36"
6,"Iryna Student",student@techtutor.test,"Blockchain Development Essentials",120.00,EUR,paid,"2026-06-02 09:08:36"
7,"Taras Student",student2@techtutor.test,"User Experience Design Fundamentals",49.00,EUR,paid,"2026-05-23 09:08:36"
8,"Taras Student",student2@techtutor.test,"Data Analysis with Python",75.00,EUR,paid,"2026-05-25 09:08:36"
9,"Taras Student",student2@techtutor.test,"Cross-Platform Mobile Development",85.00,EUR,paid,"2026-05-27 09:08:36"
10,"Taras Student",student2@techtutor.test,"Cloud Architecture with AWS",95.00,EUR,paid,"2026-05-31 09:08:36"
11,"Taras Student",student2@techtutor.test,"Cybersecurity Fundamentals",110.00,EUR,paid,"2026-06-02 09:08:36"
12,"Taras Student",student2@techtutor.test,"Blockchain Development Essentials",120.00,EUR,paid,"2026-06-04 09:08:36"
13,"Olga Learner",student3@techtutor.test,"Laravel API Bootcamp",79.00,EUR,paid,"2026-05-11 09:08:36"
14,"Olga Learner",student3@techtutor.test,"User Experience Design Fundamentals",49.00,EUR,paid,"2026-05-13 09:08:36"
15,"Dmytro StudyBuddy",student4@techtutor.test,"React UI for Learning Platforms",59.00,EUR,paid,"2026-05-16 09:08:36"
16,"Dmytro StudyBuddy",student4@techtutor.test,"Data Analysis with Python",75.00,EUR,paid,"2026-05-19 09:08:36"
17,"Ivanna KnowledgeSeeker",student5@techtutor.test,"Practical Machine Learning Pipelines",89.00,EUR,paid,"2026-05-21 09:08:36"
18,"Ivanna KnowledgeSeeker",student5@techtutor.test,"Cross-Platform Mobile Development",85.00,EUR,paid,"2026-05-23 09:08:36"
19,"Andrii SkillBuilder",student6@techtutor.test,"DevOps Delivery Systems",69.00,EUR,paid,"2026-05-26 09:08:36"
20,"Andrii SkillBuilder",student6@techtutor.test,"Cloud Architecture with AWS",95.00,EUR,paid,"2026-05-29 09:08:36"
21,"Yuliya CourseExplorer",student7@techtutor.test,"User Experience Design Fundamentals",49.00,EUR,paid,"2026-05-31 09:08:36"
22,"Yuliya CourseExplorer",student7@techtutor.test,"Cybersecurity Fundamentals",110.00,EUR,paid,"2026-06-02 09:08:36"
23,"Ruslan EducationFan",student8@techtutor.test,"Blockchain Development Essentials",120.00,EUR,paid,"2026-06-05 09:08:36"
24,"Liliya StudyPartner",student9@techtutor.test,"Data Analysis with Python",75.00,EUR,paid,"2026-06-07 09:08:37"
25,"Mykhailo LifelongLearner",student10@techtutor.test,"Cross-Platform Mobile Development",85.00,EUR,paid,"2026-06-09 09:08:37"
26,"Iryna Student",student@techtutor.test,"User Experience Design Fundamentals",49.00,EUR,pending,"2026-06-10 09:08:37"
27,"Iryna Student",student@techtutor.test,"Data Analysis with Python",75.00,EUR,pending,"2026-06-10 09:08:37"
28,"Iryna Student",student@techtutor.test,"Cross-Platform Mobile Development",85.00,EUR,failed,"2026-06-10 09:08:37"
29,"Taras Student",student2@techtutor.test,"Cloud Architecture with AWS",95.00,EUR,failed,"2026-06-10 09:08:37"
30,"Iryna Student",student@techtutor.test,"Laravel API Bootcamp",79.00,EUR,paid,"2026-06-05 09:08:37"
31,"Iryna Student",student@techtutor.test,"React UI for Learning Platforms",59.00,EUR,paid,"2026-06-07 09:08:37"
32,"Iryna Student",student@techtutor.test,"Practical Machine Learning Pipelines",89.00,EUR,paid,"2026-06-08 09:08:37"
33,"Taras Student",student2@techtutor.test,"DevOps Delivery Systems",69.00,EUR,paid,"2026-06-09 09:08:37"
34,"Taras Student",student2@techtutor.test,"Laravel API Bootcamp",79.00,EUR,paid,"2026-06-08 09:08:37"
35,"Taras Student",student2@techtutor.test,"React UI for Learning Platforms",59.00,EUR,pending,"2026-06-10 09:08:37"
36,"Iryna Student",student@techtutor.test,"DevOps Delivery Systems",69.00,EUR,paid,"2026-06-09 21:08:37"
